"","unique_num","maxV","minV"
"VAR_0002",737,999,0
"VAR_0003",541,999,0
"VAR_0004",5895,741100,0
"VAR_0006",30,68,0
"VAR_0007",31,66,0
"VAR_0013",30,68,0
"VAR_0014",32,67,0
"VAR_0015",22,35,0
"VAR_0016",25,34,0
"VAR_0017",22,25,0
"VAR_0018",2,0,0
"VAR_0019",2,0,0
"VAR_0020",2,0,0
"VAR_0021",2,0,0
"VAR_0022",2,0,0
"VAR_0023",2,0,0
"VAR_0024",2,0,0
"VAR_0025",2,0,0
"VAR_0026",2,0,0
"VAR_0027",2,0,0
"VAR_0028",2,0,0
"VAR_0029",2,0,0
"VAR_0030",2,0,0
"VAR_0031",2,0,0
"VAR_0032",2,0,0
"VAR_0033",17,35,0
"VAR_0034",28,43,0
"VAR_0035",27,41,0
"VAR_0036",20,23,0
"VAR_0037",17,23,0
"VAR_0038",2,0,0
"VAR_0039",2,0,0
"VAR_0040",2,0,0
"VAR_0041",2,0,0
"VAR_0042",2,0,0
"VAR_0045",5,3,0
"VAR_0046",7,5,0
"VAR_0047",11,15,0
"VAR_0048",11,16,0
"VAR_0049",23,57,0
"VAR_0050",30,61,0
"VAR_0051",30,61,0
"VAR_0052",8,7,1
"VAR_0053",10,9,1
"VAR_0054",11,10,1
"VAR_0055",12,12,1
"VAR_0056",21,22,1
"VAR_0057",24,24,1
"VAR_0058",24,24,1
"VAR_0059",40,46,1
"VAR_0060",54,91,1
"VAR_0061",68,163,1
"VAR_0062",79,172,1
"VAR_0063",124,264,1
"VAR_0064",137,264,1
"VAR_0065",151,267,1
"VAR_0066",90,285,0
"VAR_0067",156,433,0
"VAR_0068",191,835,0
"VAR_0069",211,1157,0
"VAR_0070",305,5141,0
"VAR_0071",386,5968,0
"VAR_0072",437,5968,0
"VAR_0076",89,286,1
"VAR_0077",154,434,1
"VAR_0078",199,841,1
"VAR_0079",215,1161,1
"VAR_0080",315,5149,1
"VAR_0081",384,5978,1
"VAR_0082",446,5978,1
"VAR_0083",90,286,1
"VAR_0084",157,435,1
"VAR_0085",198,841,1
"VAR_0086",219,1162,1
"VAR_0087",313,5150,1
"VAR_0088",391,5979,1
"VAR_0089",442,5979,1
"VAR_0090",4,2,0
"VAR_0091",4,2,0
"VAR_0092",5,3,0
"VAR_0093",5,3,0
"VAR_0094",6,4,0
"VAR_0095",7,5,0
"VAR_0096",7,5,0
"VAR_0097",8,6,0
"VAR_0098",3,1,0
"VAR_0099",4,2,0
"VAR_0100",5,4,0
"VAR_0101",7,5,0
"VAR_0102",8,6,0
"VAR_0103",9,7,0
"VAR_0104",10,8,0
"VAR_0105",16,14,0
"VAR_0106",2,0,0
"VAR_0107",4,2,0
"VAR_0108",4,2,0
"VAR_0109",8,6,0
"VAR_0110",8,8,0
"VAR_0111",9,8,0
"VAR_0112",10,8,0
"VAR_0113",12,11,0
"VAR_0114",3,1,0
"VAR_0115",4,2,0
"VAR_0116",4,2,0
"VAR_0117",8,6,0
"VAR_0118",9,10,0
"VAR_0119",12,10,0
"VAR_0120",12,11,0
"VAR_0121",17,16,0
"VAR_0122",4,2,0
"VAR_0123",4,2,0
"VAR_0124",5,3,0
"VAR_0125",8,9,0
"VAR_0126",10,10,0
"VAR_0127",12,10,0
"VAR_0128",11,10,0
"VAR_0129",15,16,0
"VAR_0130",3,1,0
"VAR_0131",4,2,0
"VAR_0132",7,7,0
"VAR_0133",16,15,0
"VAR_0134",24,24,0
"VAR_0135",30,38,0
"VAR_0136",38,51,0
"VAR_0137",51,65,0
"VAR_0138",3,1,0
"VAR_0139",4,2,0
"VAR_0140",6,4,0
"VAR_0141",10,8,0
"VAR_0142",14,12,0
"VAR_0143",14,12,0
"VAR_0144",17,17,0
"VAR_0145",21,36,0
"VAR_0146",5,3,0
"VAR_0147",258,2990,0
"VAR_0148",7,6,0
"VAR_0149",190,2849,0
"VAR_0150",5,3,0
"VAR_0151",9,7,0
"VAR_0152",10,8,0
"VAR_0153",4,2,0
"VAR_0154",1004,3283,-800
"VAR_0155",288,2877,0
"VAR_0160",8,7,0
"VAR_0161",51,69,0
"VAR_0162",8,6,0
"VAR_0163",5,3,0
"VAR_0164",916,7137,-35
"VAR_0165",262,2710,0
"VAR_0170",8,8,0
"VAR_0171",50,69,0
"VAR_0172",11,10,0
"VAR_0173",5,3,0
"VAR_0174",1480,8074,-312
"VAR_0175",494,3664,0
"VAR_0180",3,1,0
"VAR_0181",3,1,0
"VAR_0182",3,1,0
"VAR_0183",4,2,0
"VAR_0184",5,3,0
"VAR_0185",6,4,0
"VAR_0186",6,4,0
"VAR_0187",8,6,0
"VAR_0188",2,0,0
"VAR_0189",2,0,0
"VAR_0190",2,0,0
"VAR_0191",3,1,0
"VAR_0192",3,1,0
"VAR_0193",5,3,0
"VAR_0194",5,3,0
"VAR_0195",5,3,0
"VAR_0197",2,201,201
"VAR_0198",79,112,18
"VAR_0199",2,0,0
"VAR_0201",30,61,0
"VAR_0203",2,1,1
"VAR_0212",45183,99403286732,7001172874
"VAR_0215",2,101,101
"VAR_0219",6,4,0
"VAR_0220",7,5,0
"VAR_0221",2,0,0
"VAR_0223",2,2471,2471
"VAR_0224",219,4241,0
"VAR_0225",249,3492,1
"VAR_0227",49982,3024241,50
"VAR_0228",49982,3024241,50
"VAR_0231",17,18,1
"VAR_0233",420,5895,1
"VAR_0234",435,5944,1
"VAR_0235",432,5930,1
"VAR_0238",442,5979,1
"VAR_0241",12058,99403,6237
"VAR_0242",611,960,-1
"VAR_0243",88,352,-1
"VAR_0244",3,1,0
"VAR_0245",13,11,0
"VAR_0246",2,-1,-1
"VAR_0247",3,1,0
"VAR_0248",3,1,0
"VAR_0249",5,3,0
"VAR_0250",5,2,-1
"VAR_0251",5,2,-1
"VAR_0252",3,1,0
"VAR_0253",9,7,0
"VAR_0254",85,107,-1
"VAR_0255",84,107,-1
"VAR_0256",19,17,0
"VAR_0257",50,61,0
"VAR_0258",8,7,0
"VAR_0259",4,2,0
"VAR_0260",10,10,0
"VAR_0261",6,4,0
"VAR_0262",20,85,0
"VAR_0263",47,104,0
"VAR_0264",4,2,0
"VAR_0265",5,3,0
"VAR_0266",55,70,0
"VAR_0267",40,47,0
"VAR_0268",7,6,0
"VAR_0269",5,3,0
"VAR_0270",34,48,-1
"VAR_0271",3,1,0
"VAR_0272",758,934,-1
"VAR_0273",729,740,-1
"VAR_0275",3,1,0
"VAR_0276",3,1,0
"VAR_0277",3,1,0
"VAR_0278",7,5,0
"VAR_0279",565,960,-1
"VAR_0280",153,277,-1
"VAR_0281",4,2,-1
"VAR_0282",564,959,-1
"VAR_0284",6,4,-1
"VAR_0285",4,1,-1
"VAR_0286",4,1,-1
"VAR_0287",4,1,-1
"VAR_0288",588,960,-1
"VAR_0289",2513,99999999,-1
"VAR_0290",5,3,-1
"VAR_0291",4,1,-1
"VAR_0292",3,1,0
"VAR_0293",18409,78030000,0
"VAR_0294",18,2012,-1
"VAR_0295",13342,47787739,0
"VAR_0296",15758,32231404,0
"VAR_0297",15069,36855000,0
"VAR_0298",12624,57853415,0
"VAR_0299",449,99,0
"VAR_0300",451,29.5,0
"VAR_0301",472,99,0
"VAR_0302",561,960,-1
"VAR_0303",134,352,-1
"VAR_0304",560,959,-1
"VAR_0306",4,1,-1
"VAR_0307",4,1,-1
"VAR_0308",4,1,-1
"VAR_0309",588,960,-1
"VAR_0310",2429,1.14e+08,-1
"VAR_0311",5,3,-1
"VAR_0312",4,1,-1
"VAR_0313",17724,71673200,-1
"VAR_0314",18,2012,-1
"VAR_0315",12818,70683940,-1
"VAR_0316",14940,32231404,-1
"VAR_0317",14329,36855000,-1
"VAR_0318",12073,57853415,-1
"VAR_0319",453,99,-1
"VAR_0320",464,70.49,-1
"VAR_0321",476,99,-1
"VAR_0322",506,960,-1
"VAR_0323",341,573,-1
"VAR_0324",486,959,-1
"VAR_0326",4,1,-1
"VAR_0327",4,1,-1
"VAR_0328",4,1,-1
"VAR_0329",601,960,-1
"VAR_0330",2190,69470000,-1
"VAR_0331",14514,344409400,-1
"VAR_0332",18,2012,-1
"VAR_0333",10313,344409400,-1
"VAR_0334",11551,32231404,-1
"VAR_0335",442,99,-1
"VAR_0336",434,58.01,-1
"VAR_0337",446,99,-1
"VAR_0338",1987,9998,-1
"VAR_0339",4,1,-1
"VAR_0340",9128,77793000,-344408449
"VAR_0341",484,960,-1
"VAR_0343",8,6,-1
"VAR_0344",3,1,0
"VAR_0345",4,1,-1
"VAR_0346",4,1,-1
"VAR_0347",4,1,-1
"VAR_0348",4,1,-1
"VAR_0349",10,7,-1
"VAR_0350",9,6,-1
"VAR_0351",8,6,0
"VAR_0355",6,4,0
"VAR_0356",8,6,0
"VAR_0357",10,10,0
"VAR_0358",12,10,0
"VAR_0359",14,13,0
"VAR_0360",20,22,0
"VAR_0361",162,250999,0
"VAR_0362",3,1,0
"VAR_0363",22,32,0
"VAR_0364",9612,6181364,0
"VAR_0365",23,33,0
"VAR_0366",559,960,-1
"VAR_0367",531,960,-1
"VAR_0368",246,306,-1
"VAR_0369",1624,15100000,-1
"VAR_0370",356,99,-1
"VAR_0371",3,1,0
"VAR_0372",5,3,0
"VAR_0373",6,4,0
"VAR_0374",8,9,0
"VAR_0375",9,19,0
"VAR_0376",13,19,0
"VAR_0377",3,1,0
"VAR_0378",4,5,0
"VAR_0379",5,5,0
"VAR_0380",6,8,0
"VAR_0381",6,9,0
"VAR_0382",8,13,0
"VAR_0383",3,1,0
"VAR_0384",3,1,0
"VAR_0385",18,34,0
"VAR_0386",4,2,0
"VAR_0387",5,4,0
"VAR_0388",6,4,0
"VAR_0389",9,8,0
"VAR_0390",9,8,0
"VAR_0391",14,16,0
"VAR_0392",3,1,0
"VAR_0393",5,3,0
"VAR_0394",2,0,0
"VAR_0395",3,1,0
"VAR_0396",4,2,0
"VAR_0397",4,2,0
"VAR_0398",4,2,0
"VAR_0399",4,2,0
"VAR_0400",8,6,-1
"VAR_0401",4,1,-1
"VAR_0402",4,1,-1
"VAR_0403",351,960,-1
"VAR_0405",7,5,0
"VAR_0406",52,100,0
"VAR_0407",22,31,0
"VAR_0408",105,104,-1
"VAR_0409",11,10,0
"VAR_0410",85,84,-1
"VAR_0411",3,1,0
"VAR_0412",4,3,0
"VAR_0413",5,3,0
"VAR_0414",5,3,0
"VAR_0415",6,4,0
"VAR_0416",9,10,0
"VAR_0417",40,100,0
"VAR_0418",31,57,0
"VAR_0419",87,84,-1
"VAR_0420",4,2,0
"VAR_0421",9,8,0
"VAR_0422",11,9,0
"VAR_0423",13,12,0
"VAR_0424",20,22,0
"VAR_0425",28,50,0
"VAR_0426",23,49,0
"VAR_0427",87,84,-1
"VAR_0428",4,2,0
"VAR_0429",7,8,0
"VAR_0430",8,9,0
"VAR_0431",10,9,0
"VAR_0432",12,21,0
"VAR_0433",18,40,0
"VAR_0434",6117,6211352,0
"VAR_0435",769,1961641,0
"VAR_0436",1897,1421960,0
"VAR_0437",30,454310,0
"VAR_0438",2,0,0
"VAR_0439",3930,4994423,0
"VAR_0440",2089,118841,0
"VAR_0441",148,53224,0
"VAR_0442",3101,2016569,0
"VAR_0443",345,2016569,0
"VAR_0444",1387,136218,0
"VAR_0445",4,131130,0
"VAR_0446",2,0,0
"VAR_0447",1624,287247,0
"VAR_0448",761,14682,0
"VAR_0449",6,22126,0
"VAR_0450",10,16,0
"VAR_0451",22,57,0
"VAR_0452",6,7,0
"VAR_0453",14,22,0
"VAR_0454",24,25,0
"VAR_0455",13,11,0
"VAR_0456",8,10,0
"VAR_0457",9,11,0
"VAR_0458",19,49,0
"VAR_0459",3,1,0
"VAR_0460",6,5,0
"VAR_0461",12,12,0
"VAR_0462",10,9,0
"VAR_0463",3,1,0
"VAR_0464",7,5,0
"VAR_0465",105,104,-1
"VAR_0468",3,1,0
"VAR_0469",3,1,0
"VAR_0470",4,2,0
"VAR_0471",4,2,0
"VAR_0472",5,3,0
"VAR_0473",7,5,0
"VAR_0474",29,46,0
"VAR_0475",87,84,-1
"VAR_0476",4,2,0
"VAR_0477",7,5,0
"VAR_0478",10,8,0
"VAR_0479",12,12,0
"VAR_0480",17,17,0
"VAR_0481",21,40,0
"VAR_0482",9,7,-1
"VAR_0483",11,9,0
"VAR_0484",8,6,0
"VAR_0485",8,6,0
"VAR_0486",8,6,0
"VAR_0487",8,6,0
"VAR_0488",8,6,0
"VAR_0489",10,8,0
"VAR_0490",3,1,0
"VAR_0491",8,6,0
"VAR_0492",123,144,-1
"VAR_0494",8,5,-1
"VAR_0495",4,1,-1
"VAR_0496",5,3,0
"VAR_0497",5,3,0
"VAR_0498",5,3,0
"VAR_0499",5,3,0
"VAR_0500",7,5,0
"VAR_0501",13,11,0
"VAR_0502",3,1,0
"VAR_0503",3,1,0
"VAR_0504",3,1,0
"VAR_0505",3,1,0
"VAR_0506",18,24,0
"VAR_0507",4,2,0
"VAR_0508",4,2,0
"VAR_0509",12,12,0
"VAR_0510",14,14,0
"VAR_0511",16,15,0
"VAR_0512",18,24,0
"VAR_0513",4,1,-1
"VAR_0514",157,154,-1
"VAR_0515",99,98,-1
"VAR_0516",238,358,-1
"VAR_0517",170,246,-1
"VAR_0518",4,1,-1
"VAR_0519",8,5,-1
"VAR_0520",4,1,-1
"VAR_0521",3,1,0
"VAR_0522",4,1,-1
"VAR_0523",4,1,-1
"VAR_0524",4,1,-1
"VAR_0525",5,3,0
"VAR_0526",2,0,0
"VAR_0527",2,0,0
"VAR_0528",2,0,0
"VAR_0529",2,0,0
"VAR_0530",2,-1,-1
"VAR_0531",14,201210,201110
"VAR_0532",11,99,0
"VAR_0533",9,99,0
"VAR_0534",14,99,0
"VAR_0535",27,99,0
"VAR_0536",39,99,0
"VAR_0537",22,99,0
"VAR_0538",10,99,0
"VAR_0539",19,99,0
"VAR_0540",86,99,0
"VAR_0541",31487,999999999,0
"VAR_0542",7704,999999999,0
"VAR_0543",35688,999999999,0
"VAR_0544",4458,999999999,0
"VAR_0545",7,999,1
"VAR_0546",8,999,1
"VAR_0547",8,999,1
"VAR_0548",8,999,1
"VAR_0549",8,999,1
"VAR_0550",189,999,0
"VAR_0551",61,9999,1
"VAR_0552",67,99,1
"VAR_0553",60,99,1
"VAR_0554",279,9999,0
"VAR_0555",86,9999,0
"VAR_0556",85,9999,0
"VAR_0557",85,9999,1
"VAR_0558",85,9999,0
"VAR_0559",79,99,1
"VAR_0560",79,99,1
"VAR_0561",173,9999,0
"VAR_0562",12,15,0
"VAR_0563",2,1,0
"VAR_0564",7,7,0
"VAR_0565",12,15,0
"VAR_0566",2,1,0
"VAR_0567",2,1,0
"VAR_0568",16,48,0
"VAR_0569",8,15,0
"VAR_0570",84,9999,0
"VAR_0571",3737,1069760,0
"VAR_0572",17,99,0
"VAR_0573",150,9999,0
"VAR_0574",204,9999,0
"VAR_0575",918,999999999,0
"VAR_0576",767,999999999,0
"VAR_0577",580,999999999,0
"VAR_0578",210,9999,0
"VAR_0579",308,9999,0
"VAR_0580",23,99,0
"VAR_0581",28,99,0
"VAR_0582",28,99,0
"VAR_0583",6609,999999999,0
"VAR_0584",2024,999999999,0
"VAR_0585",9504,999999999,0
"VAR_0586",2148,999999999,0
"VAR_0587",354,999,0
"VAR_0588",516,999,0
"VAR_0589",104,999,1
"VAR_0590",21,999,0
"VAR_0591",105,999,0
"VAR_0592",105,999,0
"VAR_0593",104,999,0
"VAR_0594",48,999,0
"VAR_0595",48,999,0
"VAR_0596",478,9999,0
"VAR_0597",358,9999,0
"VAR_0598",503,999999999,0
"VAR_0599",1089,999999999,0
"VAR_0600",502,999999999,0
"VAR_0601",166,999,0
"VAR_0602",142,999,0
"VAR_0603",8,999,0
"VAR_0604",41,99,0
"VAR_0605",22,99,0
"VAR_0606",8,99,0
"VAR_0607",1693,999999999,0
"VAR_0608",2244,999999999,0
"VAR_0609",10824,999999999,0
"VAR_0610",2484,999999999,0
"VAR_0611",336,999,0
"VAR_0612",543,999,0
"VAR_0613",467,999,0
"VAR_0614",709,999,0
"VAR_0615",74,999,0
"VAR_0616",30,999,0
"VAR_0617",51,82,0
"VAR_0618",33,45,0
"VAR_0619",13,20,0
"VAR_0620",27,72,0
"VAR_0621",12,13,0
"VAR_0622",12,12,0
"VAR_0623",50,81,0
"VAR_0624",12,18,0
"VAR_0625",26,72,0
"VAR_0626",12,12,0
"VAR_0627",29,33,0
"VAR_0628",3944,306840,0
"VAR_0629",3089,288813,0
"VAR_0630",2401,117342,0
"VAR_0631",2191,41994,0
"VAR_0632",87,9999,1
"VAR_0633",85,9999,1
"VAR_0634",85,9999,1
"VAR_0635",85,9999,1
"VAR_0636",82,9999,1
"VAR_0637",5,99,0
"VAR_0638",5,99,0
"VAR_0639",5,99,0
"VAR_0640",5,99,0
"VAR_0641",415,999999999,0
"VAR_0642",240,999999999,0
"VAR_0643",456,999999999,0
"VAR_0644",140,999,0
"VAR_0645",140,999,0
"VAR_0646",35,99,0
"VAR_0647",8,99,0
"VAR_0648",21988,999999999,1
"VAR_0649",19241,999999999,1
"VAR_0650",1519,999999999,0
"VAR_0651",1090,999999999,0
"VAR_0652",20676,999999999,5
"VAR_0653",1065,999999999,0
"VAR_0654",883,999999999,0
"VAR_0655",2110,999999999,0
"VAR_0656",427,999,0
"VAR_0657",13,99,0
"VAR_0658",15,99,0
"VAR_0659",13770,999999999,0
"VAR_0660",8915,999999999,2
"VAR_0661",316,9999,0
"VAR_0662",8,99,0
"VAR_0663",9,99,0
"VAR_0664",6,99,0
"VAR_0665",6,99,0
"VAR_0666",9,99,0
"VAR_0667",7,99,0
"VAR_0668",6,99,0
"VAR_0669",1331,999999999,7157
"VAR_0670",896,999999999,1492
"VAR_0671",1332,999999999,7157
"VAR_0672",896,999999999,1492
"VAR_0673",2396,999999999,0
"VAR_0674",939,999999999,0
"VAR_0675",920,999999999,17100
"VAR_0676",680,999999999,13300
"VAR_0677",2485,999999999,0
"VAR_0678",10,999,0
"VAR_0679",10,999,0
"VAR_0680",189,999,0
"VAR_0681",275,9999,1
"VAR_0682",259,9999,0
"VAR_0683",403,9999,1
"VAR_0684",74,9999,1
"VAR_0685",38,99,0
"VAR_0686",27,99,0
"VAR_0687",868,999,0
"VAR_0688",640,999,0
"VAR_0689",11,99,0
"VAR_0690",15,99,0
"VAR_0691",1224,999999999,0
"VAR_0692",262,999,0
"VAR_0693",429,999,0
"VAR_0694",105,999,0
"VAR_0695",105,999,0
"VAR_0696",40,99,0
"VAR_0697",38,99,0
"VAR_0698",5851,999999999,28
"VAR_0699",4142,999999999,28
"VAR_0700",331,9999,0
"VAR_0701",115,9999,0
"VAR_0702",1527,596064,-99999
"VAR_0703",7,6,-99999
"VAR_0704",21265,945478,-99999
"VAR_0705",6313,199928,-99999
"VAR_0706",6106,276549,-99999
"VAR_0707",232,324,-99999
"VAR_0708",64,90,-99999
"VAR_0709",30,34,-99999
"VAR_0710",11,11,-99999
"VAR_0711",27,27,-99999
"VAR_0712",85,121,-99999
"VAR_0713",40,69,-99999
"VAR_0714",13,11,-99999
"VAR_0715",35,43,-99999
"VAR_0716",103,126,0
"VAR_0717",45,78,0
"VAR_0718",12,11,0
"VAR_0719",44,59,0
"VAR_0720",42,67,-99999
"VAR_0721",60,67,-99999
"VAR_0722",76,77,0
"VAR_0723",40,46,0
"VAR_0724",22,22,-99999
"VAR_0725",35,42,-99999
"VAR_0726",40,46,0
"VAR_0727",22,22,-99999
"VAR_0728",34,42,-99999
"VAR_0729",14,12,-99999
"VAR_0730",21,22,0
"VAR_0731",13,18,-99999
"VAR_0732",2,0,-99999
"VAR_0733",2,0,-99999
"VAR_0734",10,8,-99999
"VAR_0735",5,3,-99999
"VAR_0736",2,0,-99999
"VAR_0737",2,0,-99999
"VAR_0738",22,21,-99999
"VAR_0739",2,0,-99999
"VAR_0740",2,1,0
"VAR_0741",2,1,0
"VAR_0742",21,27,0
"VAR_0743",14,13,-99999
"VAR_0744",16,18,-99999
"VAR_0745",5,3,-99999
"VAR_0746",7,6,-99999
"VAR_0747",14,14,-99999
"VAR_0748",18,16,-99999
"VAR_0749",15,15,-99999
"VAR_0750",14,15,-99999
"VAR_0751",28,37,-99999
"VAR_0752",34,40,-99999
"VAR_0753",18,16,-99999
"VAR_0754",9,7,-99999
"VAR_0755",8,6,-99999
"VAR_0756",15,13,-99999
"VAR_0757",228,318,-99999
"VAR_0758",23,26,0
"VAR_0759",9,7,-99999
"VAR_0760",12,11,-99999
"VAR_0761",9,9,-99999
"VAR_0762",8,6,-99999
"VAR_0763",6,4,-99999
"VAR_0764",24,26,-99999
"VAR_0765",5,3,-99999
"VAR_0766",17,18,-99999
"VAR_0767",6,4,-99999
"VAR_0768",40,42,0
"VAR_0769",11,10,-99999
"VAR_0770",20,23,-99999
"VAR_0771",11,12,-99999
"VAR_0772",9,7,-99999
"VAR_0773",7,5,-99999
"VAR_0774",37,42,-99999
"VAR_0775",7,5,-99999
"VAR_0776",21,27,-99999
"VAR_0777",9,7,-99999
"VAR_0778",65,100,0
"VAR_0779",5,3,-99999
"VAR_0780",14,14,-99999
"VAR_0781",29,41,-99999
"VAR_0782",14,29,-99999
"VAR_0783",10,8,-99999
"VAR_0784",7,5,-99999
"VAR_0785",65,99,-99999
"VAR_0786",9,8,-99999
"VAR_0787",27,27,-99999
"VAR_0788",13,12,-99999
"VAR_0789",6,7,-99999
"VAR_0790",36,51,-99999
"VAR_0791",32,66,-99999
"VAR_0792",68,79,0
"VAR_0793",67,79,0
"VAR_0794",65,79,0
"VAR_0795",24,25,0
"VAR_0796",33,34,-99999
"VAR_0797",23,21,-99999
"VAR_0798",9,7,-99999
"VAR_0799",5,3,-99999
"VAR_0800",28,29,-99999
"VAR_0801",32,34,-99999
"VAR_0802",21,19,-99999
"VAR_0803",9,7,-99999
"VAR_0804",4,2,-99999
"VAR_0805",25,24,-99999
"VAR_0806",29,33,-99999
"VAR_0807",17,19,-99999
"VAR_0808",7,5,-99999
"VAR_0809",4,2,-99999
"VAR_0810",23,23,-99999
"VAR_0811",111,1835,-99999
"VAR_0812",61,70,0
"VAR_0813",44,58,0
"VAR_0814",51,67,0
"VAR_0815",25,36,0
"VAR_0816",19,18,0
"VAR_0817",15,13,-99999
"VAR_0818",20,34,0
"VAR_0819",13,15,0
"VAR_0820",28,36,0
"VAR_0821",35,40,0
"VAR_0822",62,78,0
"VAR_0823",110,146,1
"VAR_0824",43,48,0
"VAR_0825",50,98,0
"VAR_0826",31,55,0
"VAR_0827",20,22,0
"VAR_0828",13,14,0
"VAR_0829",103,119,0
"VAR_0830",28,52,0
"VAR_0831",62,77,0
"VAR_0832",27,54,0
"VAR_0833",11,10,0
"VAR_0834",52,99,0
"VAR_0835",102,119,0
"VAR_0836",95,135,0
"VAR_0837",14,12,-99999
"VAR_0838",12,11,-99999
"VAR_0839",25,29,-99999
"VAR_0841",15,16,-99999
"VAR_0842",14,15,-99999
"VAR_0843",28,37,-99999
"VAR_0844",34,40,-99999
"VAR_0845",33,35,-99999
"VAR_0846",26,36,-99999
"VAR_0847",1,1,1
"VAR_0848",27,25,-99999
"VAR_0849",26,24,-99999
"VAR_0850",27,25,-99999
"VAR_0851",27,25,-99999
"VAR_0852",27,25,-99999
"VAR_0853",137,231,-99999
"VAR_0854",88,132,-99999
"VAR_0855",84,82,-99999
"VAR_0856",84,82,-99999
"VAR_0857",84,82,-99999
"VAR_0858",99,137,-99999
"VAR_0859",171,244,-99999
"VAR_0860",594,677,-99999
"VAR_0861",531,660,-99999
"VAR_0862",347,476,-99999
"VAR_0863",324,420,-99999
"VAR_0864",566,660,-99999
"VAR_0865",260,364,-99999
"VAR_0866",245,311,-99999
"VAR_0867",404,485,-99999
"VAR_0868",594,677,-99999
"VAR_0869",225,315,-99999
"VAR_0870",137,323,-99999
"VAR_0871",266,458,-99999
"VAR_0872",465,625,-99999
"VAR_0873",243,306,-99999
"VAR_0874",206,302,-99999
"VAR_0875",245,477,-99999
"VAR_0876",187,232,-99999
"VAR_0877",95,100,0
"VAR_0878",92,100,-99999
"VAR_0879",97,100,-99999
"VAR_0880",184,1055,-99999
"VAR_0881",213,1247,-99999
"VAR_0882",184,1690,-99999
"VAR_0883",131,983,-99999
"VAR_0884",219,32800,-99999
"VAR_0885",89,100,-99999
"VAR_0886",100,100,0
"VAR_0887",20432,680261,-99999
"VAR_0888",5981,199928,-99999
"VAR_0889",2326,23299,-99999
"VAR_0890",2325,26101,-99999
"VAR_0891",13945,2088240,-99999
"VAR_0892",5491,276549,-99999
"VAR_0893",17537,92097,-99999
"VAR_0894",5646,2e+05,-99999
"VAR_0895",6300,504517,-99999
"VAR_0896",10998,199928,-99999
"VAR_0897",3304,23299,-99999
"VAR_0898",13566,609611,-99999
"VAR_0899",37000,3222468,-99999
"VAR_0900",9025,266189,-99999
"VAR_0901",4130,52602,-99999
"VAR_0902",18572,1100000,-99999
"VAR_0903",2822,35621,-99999
"VAR_0904",764,31625,-99999
"VAR_0905",11250,226455,-99999
"VAR_0906",10018,3142500,-99999
"VAR_0907",13158,1152679,-99999
"VAR_0908",19244,220457,-99999
"VAR_0909",4377,9999999,0
"VAR_0910",2898,999999999,0
"VAR_0911",54,99,0
"VAR_0912",3452,999999999,0
"VAR_0913",4275,999999999,0
"VAR_0914",32,99,0
"VAR_0915",64,99,0
"VAR_0916",68,99,0
"VAR_0917",9002,999999999,0
"VAR_0918",11517,999999999,0
"VAR_0919",10566,999999999,0
"VAR_0920",14591,999999999,0
"VAR_0921",15636,999999999,0
"VAR_0922",617,9999,0
"VAR_0923",3,9,0
"VAR_0924",2,1,0
"VAR_0925",45,99,1
"VAR_0926",30,99,0
"VAR_0927",11,99,0
"VAR_0928",9,999,1
"VAR_0929",85,9999,0
"VAR_0930",140,999,0
"VAR_0931",17451,999999999,1
"VAR_0932",10,999,1
"VAR_0933",11,999,0
"VAR_0934",990,999999999,0
"VAR_0935",135,999,0
"VAR_0936",114,9999,0
"VAR_0937",4765,999999999,4
"VAR_0938",126,9999,0
"VAR_0939",78,9999,0
"VAR_0940",29,99,0
"VAR_0941",9,999,1
"VAR_0942",86,9999,0
"VAR_0943",429,9999,0
"VAR_0944",763,999999999,58
"VAR_0945",43,99,0
"VAR_0946",6929,999999999,0
"VAR_0947",9,99,0
"VAR_0948",9,999,1
"VAR_0949",85,9999,0
"VAR_0950",20263,999999999,27
"VAR_0951",21275,999999999,0
"VAR_0952",35,99,0
"VAR_0953",9,999,1
"VAR_0954",73,99,0
"VAR_0955",85,9999,0
"VAR_0956",84,9999,0
"VAR_0957",143,999,0
"VAR_0958",105,999,0
"VAR_0959",26,99,0
"VAR_0960",9,999,1
"VAR_0961",85,9999,0
"VAR_0962",57,99,0
"VAR_0963",56,99,0
"VAR_0964",4557,999999999,0
"VAR_0965",8,999,1
"VAR_0966",86,9999,0
"VAR_0967",9,999,1
"VAR_0968",15047,999999999,0
"VAR_0969",42,99,1
"VAR_0970",16570,999999999,0
"VAR_0971",8,999,1
"VAR_0972",9,999,1
"VAR_0973",28,99,0
"VAR_0974",18,99,0
"VAR_0975",17,99,0
"VAR_0976",15813,999999999,0
"VAR_0977",14151,999999999,0
"VAR_0978",1536,999999999,0
"VAR_0979",2873,999999999,0
"VAR_0980",2878,999999999,0
"VAR_0981",397,9999,0
"VAR_0982",520,9999,0
"VAR_0983",91,99,1
"VAR_0984",57,99,0
"VAR_0985",91,99,1
"VAR_0986",9,99,0
"VAR_0987",17,99,0
"VAR_0988",22,99,0
"VAR_0989",92,99,0
"VAR_0990",53,99,0
"VAR_0991",59,99,0
"VAR_0992",66,99,0
"VAR_0993",90,99,1
"VAR_0994",4,99,0
"VAR_0995",5,99,0
"VAR_0996",49,99,0
"VAR_0997",52,99,0
"VAR_0998",58,99,0
"VAR_0999",20,99,0
"VAR_1000",46,99,1
"VAR_1001",47,99,0
"VAR_1002",19,99,0
"VAR_1003",23,99,0
"VAR_1004",28,99,0
"VAR_1005",31,99,0
"VAR_1006",45,99,0
"VAR_1007",40,99,0
"VAR_1008",86,99,0
"VAR_1009",16,99,0
"VAR_1010",7,99,0
"VAR_1011",90,99,0
"VAR_1012",4,99,0
"VAR_1013",4,99,0
"VAR_1014",50,99,0
"VAR_1015",28,99,0
"VAR_1016",52,99,0
"VAR_1017",25,99,0
"VAR_1018",56,99,0
"VAR_1019",47,99,0
"VAR_1020",34,99,0
"VAR_1021",24,99,0
"VAR_1022",43,99,0
"VAR_1023",59,99,0
"VAR_1024",12,99,0
"VAR_1025",13,99,0
"VAR_1026",23,99,0
"VAR_1027",26,99,0
"VAR_1028",69,99,0
"VAR_1029",31,99,0
"VAR_1030",34,99,0
"VAR_1031",47,99,0
"VAR_1032",68,99,0
"VAR_1033",29,99,0
"VAR_1034",34,99,0
"VAR_1035",47,99,0
"VAR_1036",68,99,0
"VAR_1037",29,99,0
"VAR_1038",34,99,0
"VAR_1039",46,99,0
"VAR_1040",71,99,0
"VAR_1041",13,99,0
"VAR_1042",17,99,0
"VAR_1043",40,99,0
"VAR_1044",66,99,0
"VAR_1045",25,99,0
"VAR_1046",33,99,0
"VAR_1047",46,99,0
"VAR_1048",72,99,0
"VAR_1049",38,99,0
"VAR_1050",5,99,0
"VAR_1051",4,99,0
"VAR_1052",21,99,0
"VAR_1053",19,99,0
"VAR_1054",35,99,0
"VAR_1055",5,99,0
"VAR_1056",17,99,0
"VAR_1057",14,99,0
"VAR_1058",15,99,0
"VAR_1059",16,99,0
"VAR_1060",15,99,0
"VAR_1061",16,99,0
"VAR_1062",16,99,0
"VAR_1063",16,99,0
"VAR_1064",21,99,0
"VAR_1065",16,99,0
"VAR_1066",20,99,0
"VAR_1067",19,99,0
"VAR_1068",23,99,0
"VAR_1069",20,99,0
"VAR_1070",21,99,0
"VAR_1071",22,99,0
"VAR_1072",47,99,0
"VAR_1073",25,99,0
"VAR_1074",41,999,0
"VAR_1075",60,999,0
"VAR_1076",31,999,0
"VAR_1077",43,999,0
"VAR_1078",62,999,0
"VAR_1079",82,999,0
"VAR_1080",25,99,0
"VAR_1081",35406,999999999,0
"VAR_1082",35633,999999999,0
"VAR_1083",4008,999999999,0
"VAR_1084",1957,999999999,0
"VAR_1085",3319,999999999,0
"VAR_1086",4356,999999999,0
"VAR_1087",35131,999999999,0
"VAR_1088",18382,999999999,0
"VAR_1089",12714,999999999,0
"VAR_1090",1549,999999999,0
"VAR_1091",1143,999999999,0
"VAR_1092",2307,999999999,0
"VAR_1093",2336,999999999,0
"VAR_1094",4138,999999999,0
"VAR_1095",4138,999999999,0
"VAR_1096",4245,999999999,0
"VAR_1097",4244,999999999,0
"VAR_1098",8,999,0
"VAR_1099",8,999,1
"VAR_1100",8,999,0
"VAR_1101",7,999,1
"VAR_1102",8,999,1
"VAR_1103",8,999,1
"VAR_1104",8,999,1
"VAR_1105",7,999,1
"VAR_1106",9,999,0
"VAR_1107",9,999,0
"VAR_1108",10,99,1
"VAR_1109",10,99,1
"VAR_1110",193,999,0
"VAR_1111",123,999,0
"VAR_1112",165,999,0
"VAR_1113",177,999,0
"VAR_1114",233,999,0
"VAR_1115",105,999,0
"VAR_1116",99,999,0
"VAR_1117",98,999,0
"VAR_1118",98,999,0
"VAR_1119",100,999,0
"VAR_1120",100,999,0
"VAR_1121",100,999,0
"VAR_1122",100,999,0
"VAR_1123",101,999,0
"VAR_1124",101,999,0
"VAR_1125",101,999,0
"VAR_1126",100,999,0
"VAR_1127",96,999,0
"VAR_1128",98,999,0
"VAR_1129",102,999,0
"VAR_1130",5181,999999,0
"VAR_1131",1432,999999,9
"VAR_1132",125,9999,0
"VAR_1133",144,9999,0
"VAR_1134",85,9999,0
"VAR_1135",85,9999,0
"VAR_1136",86,9999,0
"VAR_1137",85,9999,0
"VAR_1138",84,9999,0
"VAR_1139",85,9999,0
"VAR_1140",84,9999,0
"VAR_1141",84,9999,0
"VAR_1142",83,9999,0
"VAR_1143",105,9999,0
"VAR_1144",617,9999,0
"VAR_1145",605,9999,0
"VAR_1146",489,9999,1
"VAR_1147",586,9999,0
"VAR_1148",247,9999,0
"VAR_1149",277,9999,0
"VAR_1150",314,9999,1
"VAR_1151",86,9999,0
"VAR_1152",85,9999,0
"VAR_1153",85,9999,0
"VAR_1154",217,9999,0
"VAR_1155",29,999,0
"VAR_1156",117,999,0
"VAR_1157",206,999,0
"VAR_1158",26,999,0
"VAR_1159",115,999,0
"VAR_1160",196,999,0
"VAR_1161",23,90,0
"VAR_1162",2,1,0
"VAR_1163",2,1,0
"VAR_1164",2,1,0
"VAR_1165",2,1,0
"VAR_1166",14,14,0
"VAR_1167",23,90,0
"VAR_1168",17,65,0
"VAR_1169",150,9999,0
"VAR_1170",169,9999,0
"VAR_1171",120,9999,0
"VAR_1172",118,9999,0
"VAR_1173",121,9999,0
"VAR_1174",1695,906615,0
"VAR_1175",3,99,0
"VAR_1176",3,99,0
"VAR_1177",18,99,0
"VAR_1178",45,99,0
"VAR_1179",35180,999999999,0
"VAR_1180",35370,999999999,0
"VAR_1181",34088,999999999,0
"VAR_1182",4201,999999999,0
"VAR_1183",3672,999999999,0
"VAR_1184",609,9999,0
"VAR_1185",31,99,0
"VAR_1186",10,99,0
"VAR_1187",5,99,0
"VAR_1188",7,99,0
"VAR_1189",7,99,0
"VAR_1190",8,99,0
"VAR_1191",31,99,0
"VAR_1192",16,99,0
"VAR_1193",10,99,0
"VAR_1194",10,99,0
"VAR_1195",9,99,0
"VAR_1196",9,99,0
"VAR_1197",8,99,0
"VAR_1198",9,99,0
"VAR_1199",18601,999999999,1
"VAR_1200",18939,999999999,0
"VAR_1201",23058,999999999,0
"VAR_1202",17455,999999999,0
"VAR_1203",17080,999999999,500
"VAR_1204",1622,999999999,0
"VAR_1205",9,999,1
"VAR_1206",8,999,1
"VAR_1207",10,999,0
"VAR_1208",209,9999,0
"VAR_1209",86,9999,0
"VAR_1210",254,9999,0
"VAR_1211",212,9999,0
"VAR_1212",15,99,0
"VAR_1213",5,99,0
"VAR_1214",21,999,0
"VAR_1215",802,999999999,157
"VAR_1216",58,9999,0
"VAR_1217",29,99,0
"VAR_1218",7,99,0
"VAR_1219",43,999,0
"VAR_1220",18342,999999999,1
"VAR_1221",12789,999999999,0
"VAR_1222",131,999,0
"VAR_1223",111,9999,0
"VAR_1224",27,99,0
"VAR_1225",11,99,0
"VAR_1226",27,99,0
"VAR_1227",10823,999999999,0
"VAR_1228",11731,999999999,0
"VAR_1229",53,99,0
"VAR_1230",5,99,0
"VAR_1231",30,99,0
"VAR_1232",11,99,0
"VAR_1233",52,99,0
"VAR_1234",26,99,0
"VAR_1235",23,99,0
"VAR_1236",26,99,0
"VAR_1237",22,99,0
"VAR_1238",30,99,0
"VAR_1239",11,99,0
"VAR_1240",69,999,0
"VAR_1241",11382,999999999,0
"VAR_1242",106,999999999,0
"VAR_1243",12283,999999999,0
"VAR_1244",1237,999999999,0
"VAR_1245",693,999999999,0
"VAR_1246",1081,999999999,0
"VAR_1247",994,999999999,0
"VAR_1248",5981,999999999,0
"VAR_1249",412,999999999,0
"VAR_1250",392,999999999,0
"VAR_1251",714,999999999,0
"VAR_1252",888,999999999,0
"VAR_1253",9,999,0
"VAR_1254",9,999,0
"VAR_1255",9,999,1
"VAR_1256",10,999,0
"VAR_1257",10,999,0
"VAR_1258",148,9999,0
"VAR_1259",293,9999,0
"VAR_1260",86,9999,0
"VAR_1261",86,9999,0
"VAR_1262",86,9999,0
"VAR_1263",84,9999,0
"VAR_1264",86,9999,0
"VAR_1265",574,9999,0
"VAR_1266",339,9999,0
"VAR_1267",50,99,0
"VAR_1268",28,99,0
"VAR_1269",28,99,0
"VAR_1270",11,99,0
"VAR_1271",11,99,0
"VAR_1272",13,99,0
"VAR_1273",27,99,0
"VAR_1274",48,99,0
"VAR_1275",31,99,0
"VAR_1276",31,99,0
"VAR_1277",32,99,0
"VAR_1278",24,99,0
"VAR_1279",18,99,0
"VAR_1280",21,99,0
"VAR_1281",22,99,0
"VAR_1282",23,99,0
"VAR_1283",18,99,0
"VAR_1284",20,99,0
"VAR_1285",21,99,0
"VAR_1286",23,99,0
"VAR_1287",18,99,0
"VAR_1288",20,99,0
"VAR_1289",21,99,0
"VAR_1290",23,99,0
"VAR_1291",12,99,0
"VAR_1292",9,99,0
"VAR_1293",31,99,0
"VAR_1294",30,99,0
"VAR_1295",28,99,0
"VAR_1296",28,99,0
"VAR_1297",29,99,0
"VAR_1298",28,99,0
"VAR_1299",28,99,0
"VAR_1300",25,99,0
"VAR_1301",17,99,0
"VAR_1302",19,99,0
"VAR_1303",10,99,0
"VAR_1304",29,99,0
"VAR_1305",11,99,0
"VAR_1306",12,99,0
"VAR_1307",24,99,0
"VAR_1308",27,999,0
"VAR_1309",37,999,0
"VAR_1310",33,999,0
"VAR_1311",46,999,0
"VAR_1312",11225,999999999,0
"VAR_1313",12142,999999999,0
"VAR_1314",8613,999999999,0
"VAR_1315",3867,999999999,0
"VAR_1316",4378,999999999,0
"VAR_1317",1542,999999999,0
"VAR_1318",1234,999999999,1
"VAR_1319",1717,999999999,1
"VAR_1320",4198,999999999,100
"VAR_1321",6826,999999999,0
"VAR_1322",6790,999999999,0
"VAR_1323",1299,999999999,0
"VAR_1324",9,999,1
"VAR_1325",9,999,0
"VAR_1326",10,999,0
"VAR_1327",226,999,0
"VAR_1328",205,999,0
"VAR_1329",248,999,0
"VAR_1330",240,999,0
"VAR_1331",226,999,0
"VAR_1332",205,999,0
"VAR_1333",94,999,0
"VAR_1334",103,999,0
"VAR_1335",291,9999,0
"VAR_1336",561,9999,0
"VAR_1337",330,9999,0
"VAR_1338",19,99,0
"VAR_1339",31,99,0
"VAR_1340",8,99,0
"VAR_1341",1482,999999999,0
"VAR_1342",1645,999999999,0
"VAR_1343",268,9999,0
"VAR_1344",281,9999,0
"VAR_1345",26,99,0
"VAR_1346",10,99,0
"VAR_1347",12,99,0
"VAR_1348",45,99,0
"VAR_1349",25,99,0
"VAR_1350",23,99,0
"VAR_1351",16,99,0
"VAR_1352",28,99,0
"VAR_1353",10704,999999999,0
"VAR_1354",11625,999999999,0
"VAR_1355",3574,999999999,0
"VAR_1356",1453,999999999,0
"VAR_1357",1228,999999999,0
"VAR_1358",227,999,0
"VAR_1359",74,99,0
"VAR_1360",43,99,0
"VAR_1361",41,99,0
"VAR_1362",23,99,0
"VAR_1363",71,99,0
"VAR_1364",33,99,0
"VAR_1365",33,99,0
"VAR_1366",31,99,0
"VAR_1367",32,99,0
"VAR_1368",27,99,0
"VAR_1369",40,99,0
"VAR_1370",83,999,0
"VAR_1371",13240,999999999,0
"VAR_1372",14200,999999999,0
"VAR_1373",8924,999999999,0
"VAR_1374",10900,999999999,0
"VAR_1375",844,999999999,0
"VAR_1376",1459,999999999,0
"VAR_1377",9,999,1
"VAR_1378",8,999,1
"VAR_1379",10,999,0
"VAR_1380",234,999,0
"VAR_1381",280,9999,0
"VAR_1382",86,9999,0
"VAR_1383",86,9999,0
"VAR_1384",618,9999,0
"VAR_1385",325,9999,0
"VAR_1386",58,82,0
"VAR_1387",40,50,0
"VAR_1388",62,81,0
"VAR_1389",34,40,0
"VAR_1390",7769,311643,0
"VAR_1391",86,9999,1
"VAR_1392",50,99,0
"VAR_1393",14,99,0
"VAR_1394",8,99,0
"VAR_1395",49,99,0
"VAR_1396",9,99,0
"VAR_1397",46,999,0
"VAR_1398",9245,999999999,0
"VAR_1399",7247,999999999,0
"VAR_1400",8,999,1
"VAR_1401",10,999,0
"VAR_1402",85,9999,0
"VAR_1403",327,9999,0
"VAR_1404",60,99,0
"VAR_1405",9,99,0
"VAR_1406",9,99,0
"VAR_1407",9,99,0
"VAR_1408",9,99,0
"VAR_1409",61,99,0
"VAR_1410",28,99,0
"VAR_1411",12,99,0
"VAR_1412",10,99,0
"VAR_1413",11,99,0
"VAR_1414",9,99,0
"VAR_1415",10,99,0
"VAR_1416",8,99,0
"VAR_1417",10,99,0
"VAR_1418",4273,999999999,1
"VAR_1419",4232,999999999,0
"VAR_1420",3739,999999999,0
"VAR_1421",4074,999999999,5
"VAR_1422",8,999,1
"VAR_1423",10,999,0
"VAR_1424",242,9999,0
"VAR_1425",271,9999,0
"VAR_1426",242,9999,0
"VAR_1427",2,1,0
"VAR_1428",1,0,0
"VAR_1429",13,99,0
"VAR_1430",4,99,0
"VAR_1431",7,99,0
"VAR_1432",5,99,0
"VAR_1433",8,99,0
"VAR_1434",8,99,0
"VAR_1435",8,99,0
"VAR_1436",148,999999999,0
"VAR_1437",1329,999999999,0
"VAR_1438",517,999999999,2
"VAR_1439",501,999999999,2
"VAR_1440",518,999999999,2
"VAR_1441",887,999999999,0
"VAR_1442",600,999999999,0
"VAR_1443",9,999,0
"VAR_1444",111,999,0
"VAR_1445",40,999,0
"VAR_1446",235,9999,1
"VAR_1447",255,9999,1
"VAR_1448",234,9999,1
"VAR_1449",16,99,0
"VAR_1450",16,99,0
"VAR_1451",10907,999999999,1
"VAR_1452",10689,999999999,0
"VAR_1453",1452,999999999,0
"VAR_1454",258,9999,0
"VAR_1455",303,9999,0
"VAR_1456",76,99,0
"VAR_1457",35,99,0
"VAR_1458",9,99,0
"VAR_1459",10,99,0
"VAR_1460",13,99,0
"VAR_1461",16,99,0
"VAR_1462",74,99,0
"VAR_1463",36,99,0
"VAR_1464",37,99,0
"VAR_1465",40,99,0
"VAR_1466",11,99,0
"VAR_1467",14,99,0
"VAR_1468",22,99,0
"VAR_1469",21,99,0
"VAR_1470",33,99,0
"VAR_1471",26,99,0
"VAR_1472",28,99,0
"VAR_1473",33,99,0
"VAR_1474",33,99,0
"VAR_1475",26,99,0
"VAR_1476",28,99,0
"VAR_1477",31,99,0
"VAR_1478",33,99,0
"VAR_1479",26,99,0
"VAR_1480",28,99,0
"VAR_1481",31,99,0
"VAR_1482",31,99,0
"VAR_1483",30,999,0
"VAR_1484",44,999,0
"VAR_1485",28,999,0
"VAR_1486",34,999,0
"VAR_1487",57,999,0
"VAR_1488",72,999,0
"VAR_1489",25137,999999999,1
"VAR_1490",1768,999999999,0
"VAR_1491",645,999999999,0
"VAR_1492",1181,999999999,0
"VAR_1493",959,999999999,0
"VAR_1494",26221,999999999,0
"VAR_1495",27171,999999999,0
"VAR_1496",22247,999999999,0
"VAR_1497",20805,999999999,27
"VAR_1498",883,999999999,0
"VAR_1499",536,999999999,0
"VAR_1500",881,999999999,0
"VAR_1501",752,999999999,0
"VAR_1502",2090,999999999,0
"VAR_1503",730,999999999,3
"VAR_1504",893,999999999,3
"VAR_1505",10,999,0
"VAR_1506",8,999,1
"VAR_1507",10,999,1
"VAR_1508",10,999,1
"VAR_1509",10,999,1
"VAR_1510",10,999,0
"VAR_1511",10,999,0
"VAR_1512",199,999,0
"VAR_1513",96,999,1
"VAR_1514",96,999,0
"VAR_1515",98,999,0
"VAR_1516",98,999,0
"VAR_1517",97,999,0
"VAR_1518",99,999,0
"VAR_1519",98,999,0
"VAR_1520",95,999,0
"VAR_1521",96,999,0
"VAR_1522",96,999,0
"VAR_1523",229,9999,0
"VAR_1524",289,9999,0
"VAR_1525",86,9999,0
"VAR_1526",86,9999,0
"VAR_1527",86,9999,0
"VAR_1528",85,9999,0
"VAR_1529",85,9999,0
"VAR_1530",384,9999,0
"VAR_1531",253,9999,0
"VAR_1532",15,15,0
"VAR_1533",5,4,0
"VAR_1534",6,5,0
"VAR_1535",9,9,0
"VAR_1536",26,9999,0
"VAR_1537",18,18,0
"VAR_1538",5,4,0
"VAR_1539",7,6,0
"VAR_1540",12,12,0
"VAR_1541",26,9999,0
"VAR_1542",15,14,0
"VAR_1543",6,5,0
"VAR_1544",7,6,0
"VAR_1545",9,8,0
"VAR_1546",14,14,0
"VAR_1547",5,4,0
"VAR_1548",7,6,0
"VAR_1549",10,9,0
"VAR_1550",26,9999,0
"VAR_1551",16,18,0
"VAR_1552",5,4,0
"VAR_1553",6,5,0
"VAR_1554",10,9,0
"VAR_1555",26,9999,0
"VAR_1556",14,16,0
"VAR_1557",4,3,0
"VAR_1558",6,5,0
"VAR_1559",10,10,0
"VAR_1560",26,9999,0
"VAR_1561",22,24,0
"VAR_1562",3,2,0
"VAR_1563",4,3,0
"VAR_1564",7,6,0
"VAR_1565",10,9,0
"VAR_1566",13,12,0
"VAR_1567",73,90,0
"VAR_1568",11,10,0
"VAR_1569",13,12,0
"VAR_1570",21,25,0
"VAR_1571",31,46,0
"VAR_1572",43,67,0
"VAR_1573",26,9999,0
"VAR_1574",31,30,0
"VAR_1575",120,119,0
"VAR_1576",211,210,0
"VAR_1577",30,29,0
"VAR_1578",117,117,0
"VAR_1579",209,209,0
"VAR_1580",135,999,0
"VAR_1581",12746,999999999,16
"VAR_1582",2265,999999999,0
"VAR_1583",29,99,0
"VAR_1584",5,99,0
"VAR_1585",15,99,0
"VAR_1586",6,99,0
"VAR_1587",8,99,0
"VAR_1588",9,99,0
"VAR_1589",27,99,0
"VAR_1590",4,99,0
"VAR_1591",15,99,0
"VAR_1592",15,99,0
"VAR_1593",16,99,0
"VAR_1594",8,99,0
"VAR_1595",6,99,0
"VAR_1596",8,99,0
"VAR_1597",7,99,0
"VAR_1598",16,99,0
"VAR_1599",11,99,0
"VAR_1600",13,99,0
"VAR_1601",13,99,0
"VAR_1602",16,99,0
"VAR_1603",10,99,0
"VAR_1604",12,99,0
"VAR_1605",13,99,0
"VAR_1606",15,99,0
"VAR_1607",9,99,0
"VAR_1608",11,99,0
"VAR_1609",12,99,0
"VAR_1610",15,99,0
"VAR_1611",26,999,0
"VAR_1612",36,999,0
"VAR_1613",20,999,0
"VAR_1614",29,999,0
"VAR_1615",31,999,0
"VAR_1616",52,999,0
"VAR_1617",13625,999999999,0
"VAR_1618",13657,999999999,0
"VAR_1619",904,999999999,0
"VAR_1620",404,999999999,0
"VAR_1621",935,999999999,0
"VAR_1622",280,999999999,0
"VAR_1623",9593,999999999,0
"VAR_1624",11927,999999999,0
"VAR_1625",8938,999999999,0
"VAR_1626",8979,999999999,1036
"VAR_1627",792,999999999,0
"VAR_1628",380,999999999,0
"VAR_1629",919,999999999,0
"VAR_1630",258,999999999,0
"VAR_1631",2860,999999999,0
"VAR_1632",9,999,1
"VAR_1633",8,999,1
"VAR_1634",10,999,1
"VAR_1635",10,999,1
"VAR_1636",10,999,1
"VAR_1637",10,999,0
"VAR_1638",10,999,0
"VAR_1639",54,999,0
"VAR_1640",64,999,0
"VAR_1641",49,999,0
"VAR_1642",51,999,0
"VAR_1643",54,999,0
"VAR_1644",64,999,0
"VAR_1645",63,999,0
"VAR_1646",61,999,0
"VAR_1647",51,999,0
"VAR_1648",350,9999,0
"VAR_1649",86,9999,0
"VAR_1650",86,9999,0
"VAR_1651",84,9999,0
"VAR_1652",83,9999,0
"VAR_1653",84,9999,0
"VAR_1654",419,9999,0
"VAR_1655",354,9999,0
"VAR_1656",11,99,0
"VAR_1657",13,99,0
"VAR_1658",15,99,0
"VAR_1659",14,99,0
"VAR_1660",9,99,0
"VAR_1661",23,99,0
"VAR_1662",14,99,0
"VAR_1663",6,99,0
"VAR_1664",22,99,0
"VAR_1665",14,99,0
"VAR_1666",11,99,0
"VAR_1667",14,99,0
"VAR_1668",10,99,0
"VAR_1669",10,99,0
"VAR_1670",10,99,0
"VAR_1671",5,99,0
"VAR_1672",6,99,0
"VAR_1673",6,99,0
"VAR_1674",6,99,0
"VAR_1675",6,99,0
"VAR_1676",6,99,0
"VAR_1677",6,99,0
"VAR_1678",6,99,0
"VAR_1679",5,99,0
"VAR_1680",6,99,0
"VAR_1681",7,99,0
"VAR_1682",7,99,0
"VAR_1683",7,99,0
"VAR_1684",51,999,0
"VAR_1685",12855,999999999,16
"VAR_1686",693,999999999,0
"VAR_1687",83,999999999,0
"VAR_1688",120,999999999,0
"VAR_1689",147,999999999,0
"VAR_1690",13165,999999999,0
"VAR_1691",8900,999999999,0
"VAR_1692",351,999999999,0
"VAR_1693",413,999999999,0
"VAR_1694",470,999999999,0
"VAR_1695",572,999999999,0
"VAR_1696",694,999999999,0
"VAR_1697",780,999999999,0
"VAR_1698",822,999999999,0
"VAR_1699",954,999999999,0
"VAR_1700",9282,999999999,0
"VAR_1701",2647,999999999,0
"VAR_1702",8,999,1
"VAR_1703",9,999,1
"VAR_1704",9,999,1
"VAR_1705",9,999,1
"VAR_1706",9,999,1
"VAR_1707",9,999,1
"VAR_1708",10,999,0
"VAR_1709",142,999,0
"VAR_1710",86,9999,0
"VAR_1711",82,9999,0
"VAR_1712",377,9999,0
"VAR_1713",10,99,0
"VAR_1714",9,99,0
"VAR_1715",6081,999999999,0
"VAR_1716",4590,999999999,0
"VAR_1717",905,999999999,0
"VAR_1718",2320,999999999,0
"VAR_1719",363,9999,0
"VAR_1720",394,9999,1
"VAR_1721",11,99,0
"VAR_1722",7,99,0
"VAR_1723",5,99,0
"VAR_1724",13,99,0
"VAR_1725",6,99,0
"VAR_1726",7,99,0
"VAR_1727",6,99,0
"VAR_1728",7,99,0
"VAR_1729",33,999,0
"VAR_1730",1611,999999999,2
"VAR_1731",1117,999999999,0
"VAR_1732",1447,999999999,0
"VAR_1733",726,999999999,0
"VAR_1734",8,999,1
"VAR_1735",10,999,0
"VAR_1736",84,9999,0
"VAR_1737",238,9999,1
"VAR_1738",13555,999999999,0
"VAR_1739",2438,999999999,0
"VAR_1740",73,99,0
"VAR_1741",13,99,0
"VAR_1742",71,99,0
"VAR_1743",12,99,0
"VAR_1744",10,99,0
"VAR_1745",10,99,0
"VAR_1746",13,99,0
"VAR_1747",10977,999999999,1
"VAR_1748",11014,999999999,0
"VAR_1749",8,999,1
"VAR_1750",254,9999,0
"VAR_1751",335,9999,0
"VAR_1752",12,99,0
"VAR_1753",12,99,0
"VAR_1754",3765,999999999,0
"VAR_1755",1062,999999999,0
"VAR_1756",618,999999999,0
"VAR_1757",659,999999999,0
"VAR_1758",441,9999,0
"VAR_1759",512,9999,0
"VAR_1760",76,99,0
"VAR_1761",46,99,0
"VAR_1762",41,99,0
"VAR_1763",19,99,0
"VAR_1764",23,99,0
"VAR_1765",27,99,0
"VAR_1766",73,99,0
"VAR_1767",45,99,0
"VAR_1768",44,99,0
"VAR_1769",48,99,0
"VAR_1770",13,99,0
"VAR_1771",11,99,0
"VAR_1772",18,99,0
"VAR_1773",20,99,0
"VAR_1774",34,99,0
"VAR_1775",26,99,0
"VAR_1776",30,99,0
"VAR_1777",33,99,0
"VAR_1778",34,99,0
"VAR_1779",25,99,0
"VAR_1780",28,99,0
"VAR_1781",33,99,0
"VAR_1782",33,99,0
"VAR_1783",24,99,0
"VAR_1784",27,99,0
"VAR_1785",32,99,0
"VAR_1786",33,99,0
"VAR_1787",20,99,0
"VAR_1788",19,99,0
"VAR_1789",34,99,0
"VAR_1790",30,99,0
"VAR_1791",18,99,0
"VAR_1792",42,99,0
"VAR_1793",15,99,0
"VAR_1794",21,99,0
"VAR_1795",36,999,0
"VAR_1796",47,999,0
"VAR_1797",28,999,0
"VAR_1798",37,999,0
"VAR_1799",39,999,0
"VAR_1800",52,999,0
"VAR_1801",14265,999999999,0
"VAR_1802",15219,999999999,0
"VAR_1803",1818,999999999,0
"VAR_1804",1030,999999999,0
"VAR_1805",1486,999999999,0
"VAR_1806",1398,999999999,0
"VAR_1807",9044,999999999,0
"VAR_1808",2465,999999999,0
"VAR_1809",11204,999999999,0
"VAR_1810",11146,999999999,0
"VAR_1811",506,999999999,0
"VAR_1812",480,999999999,0
"VAR_1813",921,999999999,0
"VAR_1814",1125,999999999,0
"VAR_1815",1663,999999999,0
"VAR_1816",9,999,1
"VAR_1817",8,999,1
"VAR_1818",10,999,1
"VAR_1819",10,999,1
"VAR_1820",10,999,1
"VAR_1821",10,999,0
"VAR_1822",10,999,0
"VAR_1823",234,999,0
"VAR_1824",234,999,0
"VAR_1825",102,999,0
"VAR_1826",99,999,0
"VAR_1827",99,999,0
"VAR_1828",101,999,0
"VAR_1829",101,999,0
"VAR_1830",101,999,0
"VAR_1831",99,999,0
"VAR_1832",87,999,0
"VAR_1833",97,999,0
"VAR_1834",96,999,0
"VAR_1835",277,9999,0
"VAR_1836",86,9999,0
"VAR_1837",86,9999,0
"VAR_1838",86,9999,0
"VAR_1839",84,9999,0
"VAR_1840",86,9999,0
"VAR_1841",617,9999,0
"VAR_1842",317,9999,0
"VAR_1843",5,99,0
"VAR_1844",4,99,0
"VAR_1845",80,999999999,435
"VAR_1846",70,999999999,435
"VAR_1847",68,999999999,435
"VAR_1848",5,999,1
"VAR_1849",4,999,1
"VAR_1850",18,999,8
"VAR_1851",82,9999,0
"VAR_1852",114,9999,0
"VAR_1853",47,99,0
"VAR_1854",26,99,0
"VAR_1855",15,99,0
"VAR_1856",46,99,0
"VAR_1857",20,99,0
"VAR_1858",53,999,0
"VAR_1859",7348,999999999,0
"VAR_1860",6201,999999999,0
"VAR_1861",738,999999999,0
"VAR_1862",8,999,1
"VAR_1863",10,999,0
"VAR_1864",85,9999,0
"VAR_1865",408,9999,0
"VAR_1866",28,99,0
"VAR_1867",6,99,0
"VAR_1868",31,999,0
"VAR_1869",1614,999999999,1
"VAR_1870",1648,999999999,0
"VAR_1871",385,999999999,1
"VAR_1872",48,99,0
"VAR_1873",26,99,0
"VAR_1874",14,99,0
"VAR_1875",17,99,0
"VAR_1876",21,99,0
"VAR_1877",46,99,0
"VAR_1878",31,99,0
"VAR_1879",22,99,0
"VAR_1880",21,99,0
"VAR_1881",19,99,0
"VAR_1882",22,99,0
"VAR_1883",20,99,0
"VAR_1884",21,99,0
"VAR_1885",8,99,0
"VAR_1886",18,99,0
"VAR_1887",26,99,0
"VAR_1888",12,99,0
"VAR_1889",7056,999999999,0
"VAR_1890",5078,999999999,0
"VAR_1891",1685,999999999,0
"VAR_1892",3562,999999999,13
"VAR_1893",8040,999999999,0
"VAR_1894",7996,999999999,0
"VAR_1895",705,999999999,0
"VAR_1896",8,999,1
"VAR_1897",10,999,0
"VAR_1898",253,999,0
"VAR_1899",256,999,0
"VAR_1900",393,9999,0
"VAR_1901",592,9999,0
"VAR_1902",414,9999,0
"VAR_1903",41,99,0
"VAR_1904",31,99,0
"VAR_1905",7,99,0
"VAR_1906",67,99,0
"VAR_1907",35,99,0
"VAR_1908",34,99,0
"VAR_1909",35,99,0
"VAR_1910",33,99,0
"VAR_1911",81,999,0
"VAR_1912",6504,999999999,2
"VAR_1913",10418,999999999,0
"VAR_1914",5663,999999999,75
"VAR_1915",823,999999999,0
"VAR_1916",8,999,1
"VAR_1917",10,999,0
"VAR_1918",85,9999,0
"VAR_1919",337,9999,0
"VAR_1920",20,99,0
"VAR_1921",16,99,0
"VAR_1922",3284,999999999,0
"VAR_1923",1162,999999999,0
"VAR_1924",498,9999,0
"VAR_1925",8,99,0
"VAR_1926",5,99,0
"VAR_1927",10,99,0
"VAR_1928",27,999,0
"VAR_1929",291,999999999,0
"VAR_1930",8,999,1
"VAR_1931",10,999,0
"VAR_1932",59,9999,0
"VAR_1933",281,9999,0
"target",2,1,0
